"Age Lvl","Mean"
"Adult",5.95828530259366
"Kid",6.07241379310345
"Teen",6.09714964370546
