"Rating","Mean"
"G",6.51818181818182
"NC-17",5.7
"NR",6.03010752688172
"PG",5.98163265306122
"PG-13",6.29056603773585
"R",6.20556586270872
"TV-14",6.00885416666667
"TV-G",5.58461538461538
"TV-MA",5.7716
"TV-PG",6.16574585635359
"TV-Y",5.8
"TV-Y7",6.04444444444444
"TV-Y7-FV",4
"UR",5.96666666666667
