Score Rating,Duration
Bad,99.74
Good,107.3538462
Great,121.4615385
Ok,102.5625879